

Assets,"Start Date:05/31/2016","End Date:05/31/2019",

"CURRENT ASSETS",
"Cash in bank",,,
"Accounts Receivable",$0,$0,
Inventory,$0,$0,
"Prepaid Expenses",$0,$0,
Deposits,$0,$0,
"Other current Assets",$0,$0,
"TOTAL CURRENT ASSETS",$0,$0,

"FIXED ASSETS",
"Machinery & Equipment",$0,$0,
"Furniture & Fixtures",$0,$0,
"Leaseholder improvements",$0,$0,
"Land & Buildings",$0,$0,
"Other fixed assets",$0,$0,
"TOTAL FIXED ASSETS(net of depreciation)",$0,$0,

"OTHER ASSETS",
Intangibles,"$10,000","$10,000",
Other,,,
"TOTAL OTHER ASSETS","$10,000","$10,000",
"TOTAL ASSETS","$10,000","$10,000",

"Liabilities & Equity",,,

"CURRENT LIABILITIES",
"Accounts Payable",$0,$0,
"Interest Payable",$0,$0,
"Taxes Payable",$0,$288,
"Notes, short term (due in 12 months)",$0,$0,
"Current part, long-term debt",$0,$0,
"TOTAL CURRENT LIABILITIES",$0,$288,

"LONG TERM DEBT",
"Bank loans payable",$0,$0,
"Notes payable to stockholders",$0,$0,
"LESS: short-term portion",$0,$0,
"Other long-term debt",$0,$0,
"TOTAL LONG-TERM DEBT",$0,$0,

"TOTAL LIABILITIES",$0,$288,

"OWNERS EQUITY",
"Common Stock","$10,000","$9,712",
"Retained Earnings",$0,$0,
"TOTAL OWNERS EQUITY","$10,000","$9,712",
"TOTAL LIABILITIES & EQUITY","$10,000","$10,000",
