
"DIRECT COSTS","Fixed Costs ($)","Variable Costs (%)",

"Cost of Goods Sold",$0,0%,
Inventory,$0,0%,
"Raw Materials",$0,0%,
"Direct Labor","$17,200",0%,
"INDIRECT COSTS"
Salaries,"$15,000",,
Supplies,$0,0%,
"Repairs & Maintenance",$0,0%,
Advertising,$0,0%,
"Car, delivery & travel",$0,0%,
Rent,$0,0%,
Telephone,$0,0%,
Utilities,$0,0%,
Insurance,$0,0%,
Taxes,$288,0%,
Interest,$0,0%,
Depreciation,$0,0%,
"Other Costs",$0,0%,
"TOTAL DIRECT COSTS","$17,200",0%,
"TOTAL INDIRECT COSTS","$15,288",0%,
"BREAKEVEN SALES LEVEL: $32,488"
