
,"Pre Startup EST","Year 1","Year 2","Year 3","Total Item EST",
"Cash on hand",$0,$0,"$16,927","$51,831","$68,758",
"CASH RECEIPTS",
"Cash Sales",,"$50,000","$100,000","$150,000","$300,000",
"Collections from CR Accounts",$0,$0,$0,$0,$0,
"Loan/Cash Injection",$0,$0,$0,$0,$0,
"TOTAL CASH RECEIPTS",$0,"$50,000","$100,000","$150,000","$300,000",
"TOTAL CASH AVAILABLE(before cash out)",$0,"$50,000","$116,927","$201,831","$368,758",
"CASH PAID OUT",
Purchases,,,,,$0,
"Gross Wages",$0,"$17,000","$34,000","$51,000","$102,000",
"Outside Services",$0,$0,$0,$0,$0,
Supplies,$0,$0,$0,$0,$0,
"Repairs & Maintenance",$0,$0,$0,$0,$0,
Advertising,$0,"$1,000","$1,000","$1,000","$3,000",
"Car, delivery & travel",$0,$0,$0,$0,$0,
"Accounting & legal",$0,$0,$0,$0,$0,
Rent,$0,$0,$0,$0,$0,
Telephone,$0,$0,$0,$0,$0,
Utilities,$0,$0,$0,$0,$0,
Insurance,$0,$0,$0,$0,$0,
"Taxes (real estate, etc.)",$0,$73,$96,$119,$288,
Interest,,$0,$0,$0,$0,
"Other expenses",$0,$0,$0,,$0,
SUBTOTAL,$0,"$18,073","$35,096","$52,119","$105,288",
"Loan principal payment",$0,$0,$0,$0,$0,
"Capital purchase",$0,$0,$0,$0,$0,
"Other startup costs",$0,$0,$0,$0,$0,
"Reserve and/or Escrow",$0,$0,$0,$0,$0,
"Others withdrawal",$0,"$15,000","$30,000","$45,000","$90,000",
"TOTAL CASH PAID OUT",$0,"$33,073","$65,096","$97,119","$195,288",
"CASH POSITION",$0,"$16,927","$51,831","$104,712","$173,470",
