
,"Year 1","Year 2","Year 3",
Sales,"$50,000","$100,000","$150,000",
"Costs/Goods Sold","$17,000","$34,000","$51,000",
"GROSS PROFIT","$33,000","$66,000","$99,000",

"OPERATING EXPENSES",,,,
"Salary (Office & Overhead)",$0,$0,$0,
"Payroll (taxes, etc.)","$1,020","$2,040","$3,060",
"Outside Services",$0,$0,$0,
"Supplies (office & operation)",$0,$0,$0,
"Repairs & Maintenance",$0,$0,$0,
Advertising,"$1,000","$1,000","$1,000",
"Car, delivery & travel",$0,$0,$0,
"Accounting & legal",$0,$0,$0,
Rent,$0,$0,$0,
Telephone,$0,$0,$0,
Utilities,$0,$0,$0,
Insurance,$0,$0,$0,
"Taxes (real estate, etc.)",$0,$0,$0,
Interest,$0,$0,$0,
Depreciation,$0,$0,$0,
"Other expenses",$0,$0,$0,
"TOTAL EXPENSES","$2,020","$3,040","$4,060",

"NET PROFIT (before taxes)",,,,
"Income Taxes",$73,$73,$73,
"NET PROFIT (after tax)","$30,907","$62,887","$94,867",

"Owner Draw/Dividends","$25,000","$50,000","$75,000",
"ADJUSTED TO RETAINED","$5,907","$12,887","$19,867",

